Voltage.AUX_RLicht,Voltage.AUX_LLicht,Voltage.AUX_SchalterPlexus
1.2499618530273438,1.2499618530273438,2.4999237060546875
1.2499618530273438,1.2499618530273438,2.4999237060546875
1.2499618530273438,1.2499618530273438,2.246246337890625
1.2499618530273438,1.2499618530273438,1.825103759765625
1.2499618530273438,1.2499618530273438,1.4214324951171875
1.2499618530273438,1.2499618530273438,1.1458587646484375
1.2499618530273438,1.2499618530273438,0.91796875
1.2499618530273438,1.2499618530273438,0.6939697265625
1.2499618530273438,1.2499618530273438,0.637664794921875
1.2499618530273438,1.2499618530273438,0.4810333251953125
1.2499618530273438,1.2499618530273438,0.5495452880859375
1.2499618530273438,1.2499618530273438,0.379791259765625
1.2499618530273438,1.2499618530273438,0.3601837158203125
1.2499618530273438,1.2499618530273438,0.2956390380859375
1.2499618530273438,1.2499618530273438,0.301055908203125
1.2499618530273438,1.2499618530273438,0.388336181640625
1.2499618530273438,1.2499618530273438,0.26031494140625
1.2499618530273438,1.2499618530273438,0.2738189697265625
1.2499618530273438,1.2499618530273438,0.3368377685546875
1.2499618530273438,1.2499618530273438,0.289154052734375
1.2499618530273438,1.2499618530273438,0.2426910400390625
1.2499618530273438,1.2499618530273438,0.3314208984375
1.2499618530273438,1.22894287109375,0.3078460693359375
1.2499618530273438,1.2499618530273438,0.3045654296875
1.2499618530273438,1.2499618530273438,0.37628173828125
1.2499618530273438,1.2499618530273438,0.3331756591796875
1.2499618530273438,1.2499618530273438,0.2802276611328125
1.2499618530273438,1.2499618530273438,0.1837158203125
1.2499618530273438,1.2499618530273438,0.1966094970703125
1.2499618530273438,1.2499618530273438,-0.0591278076171875
1.2499618530273438,1.2499618530273438,-0.0530242919921875
1.2499618530273438,1.2499618530273438,-0.0583648681640625
1.2499618530273438,1.2499618530273438,-0.1270294189453125
1.2499618530273438,1.2499618530273438,-0.18402099609375
1.2499618530273438,1.2499618530273438,-0.2214813232421875
1.2499618530273438,1.2499618530273438,-0.1877593994140625
1.24908447265625,1.2499618530273438,-0.2321624755859375
1.2499618530273438,1.2499618530273438,-0.16632080078125
1.2499618530273438,1.2499618530273438,-0.1798248291015625
1.2499618530273438,1.2499618530273438,-0.1580810546875
1.2499618530273438,1.2499618530273438,-0.0666046142578125
1.2499618530273438,1.2499618530273438,0.0569915771484375
1.2499618530273438,1.2499618530273438,0.0899505615234375
1.2499618530273438,1.2499618530273438,0.0043487548828125
1.2499618530273438,1.2499618530273438,0.1407623291015625
1.2499618530273438,1.2499618530273438,0.2550506591796875
1.2499618530273438,1.2499618530273438,0.2410125732421875
1.2499618530273438,1.2499618530273438,0.174713134765625
1.2499618530273438,1.2499618530273438,0.317230224609375
1.2499618530273438,1.2499618530273438,0.301666259765625
1.2499618530273438,1.2499618530273438,0.1490020751953125
1.2499618530273438,1.2499618530273438,0.2919769287109375
1.2499618530273438,1.2499618530273438,0.4135894775390625
1.2499618530273438,1.2499618530273438,0.28228759765625
1.2499618530273438,1.2499618530273438,0.3440093994140625
1.2499618530273438,1.2499618530273438,0.3014373779296875
1.2499618530273438,1.2499618530273438,0.232086181640625
1.2499618530273438,1.2499618530273438,0.239105224609375
1.2499618530273438,1.2499618530273438,0.1929473876953125
1.2499618530273438,1.2499618530273438,-0.07537841796875
1.2499618530273438,1.2499618530273438,-0.1792144775390625
1.2499618530273438,1.2499618530273438,-0.185394287109375
1.2499618530273438,1.2499618530273438,-0.1535797119140625
1.2499618530273438,1.2499618530273438,-0.307159423828125
1.2499618530273438,1.2499618530273438,-0.3549957275390625
1.2499618530273438,1.2499618530273438,-0.2803802490234375
1.2334442138671875,1.2499618530273438,-0.30731201171875
1.2499618530273438,1.2499618530273438,-0.3052520751953125
1.2499618530273438,1.2499618530273438,-0.1800537109375
1.2499618530273438,1.2499618530273438,-0.2109527587890625
1.2499618530273438,1.2499618530273438,-0.153350830078125
1.2499618530273438,1.2499618530273438,-0.128631591796875
1.2499618530273438,1.2499618530273438,0.0315093994140625
1.2499618530273438,1.2499618530273438,-0.020751953125
1.2499618530273438,1.2499618530273438,0.0582122802734375
1.2499618530273438,1.2499618530273438,0.2681732177734375
1.2499618530273438,1.2499618530273438,0.1596832275390625
1.2499618530273438,1.2499618530273438,0.239715576171875
1.2499618530273438,1.2499618530273438,0.2789306640625
1.2499618530273438,1.2499618530273438,0.30059814453125
1.2499618530273438,1.2499618530273438,0.1772308349609375
1.2499618530273438,1.2450790405273438,0.2663421630859375
1.2499618530273438,1.2499618530273438,0.27740478515625
1.2499618530273438,1.2499618530273438,0.314483642578125
1.2499618530273438,1.2499618530273438,0.4276275634765625
1.2499618530273438,1.2499618530273438,0.3235626220703125
1.2499618530273438,1.2499618530273438,0.2390289306640625
1.2499618530273438,1.2499618530273438,0.2294158935546875
1.2499618530273438,1.2499618530273438,0.135498046875
1.2499618530273438,1.2499618530273438,-0.067596435546875
1.2499618530273438,1.2499618530273438,-0.13824462890625
1.2499618530273438,1.2499618530273438,-0.1735687255859375
1.2499618530273438,1.2499618530273438,-0.171051025390625
1.2499618530273438,1.2499618530273438,-0.411834716796875
1.2499618530273438,1.2499618530273438,-0.44097900390625
1.2499618530273438,1.2499618530273438,-0.3421783447265625
1.1983489990234375,1.2499618530273438,-0.39093017578125
1.2499618530273438,1.2499618530273438,-0.3322601318359375
1.2499618530273438,1.2499618530273438,-0.3289794921875
1.2499618530273438,1.2499618530273438,-0.135498046875
1.2499618530273438,1.2499618530273438,-0.1384735107421875
1.2499618530273438,1.2499618530273438,0.005035400390625
1.2499618530273438,1.2499618530273438,0.0160980224609375
1.2499618530273438,1.2499618530273438,-0.071258544921875
1.2499618530273438,1.2499618530273438,0.1471710205078125
1.2499618530273438,1.2499618530273438,0.162506103515625
1.2499618530273438,1.2499618530273438,0.2463531494140625
1.2499618530273438,1.2499618530273438,0.243377685546875
1.2499618530273438,1.2499618530273438,0.2978515625
1.2499618530273438,1.2499618530273438,0.2996826171875
1.2499618530273438,1.2499618530273438,0.316009521484375
1.2499618530273438,1.2492752075195312,0.2886962890625
1.2499618530273438,1.2497711181640625,0.25634765625
1.2499618530273438,1.2499618530273438,0.2817535400390625
1.2499618530273438,1.2499618530273438,0.4007720947265625
1.2499618530273438,1.2499618530273438,0.3522491455078125
1.2499618530273438,1.2499618530273438,0.212860107421875
1.2499618530273438,1.2499618530273438,0.147247314453125
1.2499618530273438,1.2499618530273438,0.15411376953125
1.2499618530273438,1.2499618530273438,-0.0371551513671875
1.2499618530273438,1.2499618530273438,-0.2142333984375
1.2499618530273438,1.2499618530273438,-0.213165283203125
1.2499618530273438,1.2499618530273438,-0.256805419921875
1.2499618530273438,1.2499618530273438,-0.3931427001953125
1.2499618530273438,1.2499618530273438,-0.3827667236328125
1.2499618530273438,1.2499618530273438,-0.420379638671875
1.2125396728515625,1.2499618530273438,-0.4558563232421875
1.2499618530273438,1.2499618530273438,-0.3141021728515625
1.2499618530273438,1.2499618530273438,-0.281219482421875
1.2499618530273438,1.2499618530273438,-0.2808380126953125
1.2499618530273438,1.2499618530273438,-0.1718902587890625
1.2499618530273438,1.2499618530273438,-0.069427490234375
1.2499618530273438,1.2499618530273438,-0.0302886962890625
1.2499618530273438,1.2499618530273438,0.033416748046875
1.2499618530273438,1.2499618530273438,0.081939697265625
1.2499618530273438,1.2499618530273438,0.2460479736328125
1.2499618530273438,1.2499618530273438,0.1999664306640625
1.2499618530273438,1.2499618530273438,0.2017974853515625
1.2499618530273438,1.2499618530273438,0.2684783935546875
1.2499618530273438,1.2499618530273438,0.2074432373046875
1.2499618530273438,1.2499618530273438,0.175018310546875
1.2499618530273438,1.2432861328125,0.274810791015625
1.2499618530273438,1.2499618530273438,0.3192138671875
1.2499618530273438,1.2499618530273438,0.2791595458984375
1.2499618530273438,1.2499618530273438,0.3742218017578125
1.2499618530273438,1.2499618530273438,0.3759765625
1.2499618530273438,1.2499618530273438,0.126190185546875
1.2499618530273438,1.2499618530273438,0.166778564453125
1.2499618530273438,1.2499618530273438,0.0669097900390625
1.2499618530273438,1.2499618530273438,-0.052947998046875
1.2499618530273438,1.2499618530273438,-0.2230072021484375
1.2499618530273438,1.2499618530273438,-0.2184295654296875
1.2499618530273438,1.2499618530273438,-0.2132415771484375
1.2499618530273438,1.2499618530273438,-0.395660400390625
1.2499618530273438,1.2499618530273438,-0.4302215576171875
1.2499618530273438,1.2499618530273438,-0.4349517822265625
1.20941162109375,1.2499618530273438,-0.4456329345703125
1.2499618530273438,1.2499618530273438,-0.296173095703125
1.2499618530273438,1.2499618530273438,-0.2658843994140625
1.2499618530273438,1.2499618530273438,-0.3211212158203125
1.2499618530273438,1.2499618530273438,-0.23284912109375
1.2499618530273438,1.2499618530273438,-0.0949859619140625
1.2499618530273438,1.2499618530273438,0.013427734375
1.2499618530273438,1.2499618530273438,-0.043792724609375
1.2499618530273438,1.2499618530273438,0.1012420654296875
1.2499618530273438,1.2499618530273438,0.2310943603515625
1.2499618530273438,1.2499618530273438,0.161285400390625
1.2499618530273438,1.2499618530273438,0.1702117919921875
1.2499618530273438,1.2499618530273438,0.2616119384765625
1.2499618530273438,1.2499618530273438,0.24444580078125
1.2499618530273438,1.2499618530273438,0.238189697265625
1.2499618530273438,1.2030792236328125,0.2793121337890625
1.2499618530273438,1.2499618530273438,0.256805419921875
1.2499618530273438,1.2499618530273438,0.31585693359375
1.2499618530273438,1.2499618530273438,0.349578857421875
1.2499618530273438,1.2499618530273438,0.2901458740234375
1.2499618530273438,1.2499618530273438,0.2100372314453125
1.2499618530273438,1.2499618530273438,0.1915740966796875
1.2499618530273438,1.2499618530273438,0.13824462890625
1.2499618530273438,1.2499618530273438,-0.0682830810546875
1.2499618530273438,1.2499618530273438,-0.0927734375
1.2499618530273438,1.2499618530273438,-0.1580810546875
1.2499618530273438,1.2499618530273438,-0.296173095703125
1.2499618530273438,1.2499618530273438,-0.387420654296875
1.2499618530273438,1.2499618530273438,-0.427398681640625
1.2499618530273438,1.2499618530273438,-0.4148101806640625
1.1723709106445312,1.2499618530273438,-0.4424285888671875
1.2499618530273438,1.2499618530273438,-0.33355712890625
1.2499618530273438,1.2499618530273438,-0.20111083984375
1.2499618530273438,1.2499618530273438,-0.27374267578125
1.2499618530273438,1.2499618530273438,-0.153656005859375
1.2499618530273438,1.2499618530273438,-0.0389862060546875
1.2499618530273438,1.2499618530273438,-0.035552978515625
1.2499618530273438,1.2499618530273438,-0.0696563720703125
1.2499618530273438,1.2499618530273438,0.17822265625
1.2499618530273438,1.2499618530273438,0.1979827880859375
1.2499618530273438,1.2499618530273438,0.204925537109375
1.2499618530273438,1.2499618530273438,0.137939453125
1.2499618530273438,1.2499618530273438,0.2530670166015625
1.2499618530273438,1.2499618530273438,0.248870849609375
1.2499618530273438,1.2499618530273438,0.23651123046875
1.2392807006835938,1.18743896484375,0.2568817138671875
1.2499618530273438,1.2499618530273438,0.376739501953125
1.2499618530273438,1.2499618530273438,0.3301239013671875
1.2499618530273438,1.2499618530273438,0.394287109375
1.2499618530273438,1.2499618530273438,0.348968505859375
1.2499618530273438,1.2499618530273438,0.23834228515625
1.2499618530273438,1.2499618530273438,0.1287078857421875
1.2499618530273438,1.2499618530273438,0.138092041015625
1.2499618530273438,1.2499618530273438,-0.0399017333984375
1.2499618530273438,1.2499618530273438,-0.1876068115234375
1.2499618530273438,1.2499618530273438,-0.16510009765625
1.2499618530273438,1.2499618530273438,-0.3046417236328125
1.2499618530273438,1.2499618530273438,-0.359649658203125
1.2499618530273438,1.2499618530273438,-0.41900634765625
1.2499618530273438,1.2499618530273438,-0.3661346435546875
1.1909103393554688,1.248779296875,-0.4494476318359375
1.2499618530273438,1.2499618530273438,-0.364532470703125
1.2499618530273438,1.2499618530273438,-0.226593017578125
1.2499618530273438,1.2499618530273438,-0.223236083984375
1.2499618530273438,1.2499618530273438,-0.251922607421875
1.2499618530273438,1.2499618530273438,-0.0814056396484375
1.2499618530273438,1.2499618530273438,0.035400390625
1.2499618530273438,1.2499618530273438,0.0211334228515625
1.2499618530273438,1.2499618530273438,0.0914764404296875
1.2499618530273438,1.2499618530273438,0.212249755859375
1.2499618530273438,1.2499618530273438,0.233306884765625
1.2499618530273438,1.2499618530273438,0.1943206787109375
1.2499618530273438,1.2499618530273438,0.2596282958984375
1.2499618530273438,1.2499618530273438,0.21636962890625
1.2499618530273438,1.2499618530273438,0.2819061279296875
1.2280654907226562,1.1639785766601562,0.3070068359375
1.2499618530273438,1.2499618530273438,0.25482177734375
1.2499618530273438,1.2499618530273438,0.35125732421875
1.2499618530273438,1.2499618530273438,0.3985595703125
1.2499618530273438,1.2499618530273438,0.4376220703125
1.2499618530273438,1.2499618530273438,0.2093505859375
1.2499618530273438,1.2499618530273438,0.15350341796875
1.2499618530273438,1.2499618530273438,0.1153564453125
1.2499618530273438,1.2499618530273438,-0.0621795654296875
1.2499618530273438,1.2499618530273438,-0.1970672607421875
1.2499618530273438,1.2499618530273438,-0.167388916015625
1.2499618530273438,1.2499618530273438,-0.2518463134765625
1.2499618530273438,1.2499618530273438,-0.37200927734375
1.2499618530273438,1.2499618530273438,-0.3902435302734375
1.2499618530273438,1.2499618530273438,-0.3711700439453125
1.1859893798828125,1.2407302856445312,-0.4241943359375
1.2499618530273438,1.2499618530273438,-0.3256988525390625
1.2499618530273438,1.2499618530273438,-0.3258514404296875
1.2499618530273438,1.2499618530273438,-0.3237152099609375
1.2499618530273438,1.2499618530273438,-0.2669525146484375
1.2499618530273438,1.2499618530273438,-0.0218963623046875
1.2499618530273438,1.2499618530273438,-0.1019287109375
1.2499618530273438,1.2499618530273438,-0.01800537109375
1.2499618530273438,1.2499618530273438,0.0931549072265625
1.2499618530273438,1.2499618530273438,0.2068328857421875
1.2499618530273438,1.2499618530273438,0.2143096923828125
1.2499618530273438,1.2499618530273438,0.3165435791015625
1.2499618530273438,1.2499618530273438,0.2571868896484375
1.2499618530273438,1.2499618530273438,0.24444580078125
1.2499618530273438,1.2499618530273438,0.2098846435546875
1.2305068969726562,1.170654296875,0.2887725830078125
1.2499618530273438,1.2499618530273438,0.30242919921875
1.2499618530273438,1.2499618530273438,0.3112030029296875
1.2499618530273438,1.2499618530273438,0.4187774658203125
1.2499618530273438,1.2499618530273438,0.398406982421875
1.2499618530273438,1.2499618530273438,0.1876068115234375
1.2499618530273438,1.2499618530273438,0.1615142822265625
1.2499618530273438,1.2499618530273438,0.2001190185546875
1.2499618530273438,1.2499618530273438,-0.0691986083984375
1.2499618530273438,1.2499618530273438,-0.2140045166015625
1.2499618530273438,1.2499618530273438,-0.2222442626953125
1.2499618530273438,1.2499618530273438,-0.2620697021484375
1.2499618530273438,1.2499618530273438,-0.4082489013671875
1.2499618530273438,1.2499618530273438,-0.398406982421875
1.2499618530273438,1.2499618530273438,-0.43548583984375
1.2005615234375,1.229705810546875,-0.409393310546875
1.2499618530273438,1.2499618530273438,-0.3592681884765625
1.2499618530273438,1.2499618530273438,-0.289306640625
1.2499618530273438,1.2499618530273438,-0.2471923828125
1.2499618530273438,1.2499618530273438,-0.2275848388671875
1.2499618530273438,1.2499618530273438,-0.09124755859375
1.2499618530273438,1.2499618530273438,-0.0135040283203125
1.2499618530273438,1.2499618530273438,-0.0391387939453125
1.2499618530273438,1.2499618530273438,0.197601318359375
1.2499618530273438,1.2499618530273438,0.2004241943359375
1.2499618530273438,1.2499618530273438,0.22003173828125
1.2499618530273438,1.2499618530273438,0.18951416015625
1.2499618530273438,1.2499618530273438,0.3260040283203125
1.2499618530273438,1.2499618530273438,0.2851104736328125
1.2499618530273438,1.2499618530273438,0.1990509033203125
1.1914825439453125,1.1416244506835938,0.3145599365234375
1.2499618530273438,1.2499618530273438,0.2948760986328125
1.2499618530273438,1.2499618530273438,0.2950286865234375
1.2499618530273438,1.2499618530273438,0.3520965576171875
1.2499618530273438,1.2499618530273438,0.3853607177734375
1.2499618530273438,1.2499618530273438,0.2201080322265625
1.2499618530273438,1.2499618530273438,0.184478759765625
1.2499618530273438,1.2499618530273438,0.2371978759765625
1.2499618530273438,1.2499618530273438,-0.0038909912109375
1.2499618530273438,1.2499618530273438,-0.164642333984375
1.2499618530273438,1.2499618530273438,-0.1921844482421875
1.2499618530273438,1.2499618530273438,-0.2519989013671875
1.2499618530273438,1.2499618530273438,-0.3975677490234375
1.2499618530273438,1.2499618530273438,-0.471954345703125
1.2499618530273438,1.2499618530273438,-0.385284423828125
1.1683273315429688,1.2094879150390625,-0.44189453125
1.2499618530273438,1.2499618530273438,-0.3272247314453125
1.2499618530273438,1.2499618530273438,-0.2930450439453125
1.2499618530273438,1.2499618530273438,-0.287322998046875
1.2499618530273438,1.2499618530273438,-0.2490234375
1.2499618530273438,1.2499618530273438,-0.0820159912109375
1.2499618530273438,1.2499618530273438,-0.0042724609375
1.2499618530273438,1.2499618530273438,-0.08758544921875
1.2499618530273438,1.2499618530273438,0.08056640625
1.2499618530273438,1.2499618530273438,0.2593231201171875
1.2499618530273438,1.2499618530273438,0.1955413818359375
1.2499618530273438,1.2499618530273438,0.135650634765625
1.2499618530273438,1.2499618530273438,0.306854248046875
1.2499618530273438,1.2499618530273438,0.2983856201171875
1.2499618530273438,1.2499618530273438,0.2582550048828125
1.2078094482421875,1.112060546875,0.323333740234375
1.2499618530273438,1.2499618530273438,0.3284454345703125
1.2499618530273438,1.2499618530273438,0.31890869140625
1.2499618530273438,1.2499618530273438,0.38299560546875
1.2499618530273438,1.2499618530273438,0.4489898681640625
1.2499618530273438,1.2499618530273438,0.2492523193359375
1.2499618530273438,1.2499618530273438,0.19500732421875
1.2499618530273438,1.2499618530273438,0.099334716796875
1.2499618530273438,1.2499618530273438,-0.00396728515625
1.2499618530273438,1.2499618530273438,-0.181427001953125
1.2499618530273438,1.2499618530273438,-0.200347900390625
1.2499618530273438,1.2499618530273438,-0.222625732421875
1.2499618530273438,1.2499618530273438,-0.3752899169921875
1.2499618530273438,1.2499618530273438,-0.4007720947265625
1.2499618530273438,1.2499618530273438,-0.413970947265625
1.1489486694335938,1.2063980102539062,-0.4456329345703125
1.2499618530273438,1.2499618530273438,-0.3108978271484375
1.2499618530273438,1.2499618530273438,-0.272674560546875
1.2499618530273438,1.2499618530273438,-0.24749755859375
1.2499618530273438,1.2499618530273438,-0.272064208984375
1.2499618530273438,1.2499618530273438,-0.0754547119140625
1.2499618530273438,1.2499618530273438,-0.0286102294921875
1.2499618530273438,1.2499618530273438,0.064697265625
1.2499618530273438,1.2499618530273438,0.2202606201171875
1.2499618530273438,1.2499618530273438,0.2246856689453125
1.2499618530273438,1.2499618530273438,0.224151611328125
1.2499618530273438,1.2499618530273438,0.1336669921875
1.2499618530273438,1.2499618530273438,0.277252197265625
1.2499618530273438,1.2499618530273438,0.30517578125
1.2499618530273438,1.2499618530273438,0.23956298828125
1.1796188354492188,1.1196517944335938,0.30120849609375
1.2499618530273438,1.2499618530273438,0.2902984619140625
1.2499618530273438,1.2499618530273438,0.362091064453125
1.2499618530273438,1.2499618530273438,0.372467041015625
1.2499618530273438,1.2499618530273438,0.46051025390625
1.2499618530273438,1.2499618530273438,0.2564239501953125
1.2499618530273438,1.2499618530273438,0.2044677734375
1.2499618530273438,1.2499618530273438,0.14617919921875
1.2499618530273438,1.2499618530273438,-0.045318603515625
1.2499618530273438,1.2499618530273438,-0.142822265625
1.2499618530273438,1.2499618530273438,-0.1513671875
1.2499618530273438,1.2499618530273438,-0.2472686767578125
1.2499618530273438,1.2499618530273438,-0.4430389404296875
1.2499618530273438,1.2499618530273438,-0.4654693603515625
1.2499618530273438,1.2499618530273438,-0.42266845703125
1.1208724975585938,1.1818695068359375,-0.453948974609375
1.2499618530273438,1.2499618530273438,-0.3606414794921875
1.2499618530273438,1.2499618530273438,-0.2822113037109375
1.2499618530273438,1.2499618530273438,-0.2518463134765625
1.2499618530273438,1.2499618530273438,-0.1995086669921875
1.2499618530273438,1.2499618530273438,0.0690460205078125
1.2499618530273438,1.2499618530273438,-0.04241943359375
1.2499618530273438,1.2499618530273438,-0.0180816650390625
1.2499618530273438,1.2499618530273438,0.1383209228515625
1.2499618530273438,1.2499618530273438,0.243072509765625
1.2499618530273438,1.2499618530273438,0.183868408203125
1.2499618530273438,1.2499618530273438,0.23406982421875
1.2499618530273438,1.2499618530273438,0.27862548828125
1.2499618530273438,1.2499618530273438,0.2602386474609375
1.2499618530273438,1.2499618530273438,0.2524566650390625
1.19415283203125,1.1240005493164062,0.3075408935546875
1.2499618530273438,1.2499618530273438,0.29632568359375
1.2499618530273438,1.2499618530273438,0.287628173828125
1.2499618530273438,1.2499618530273438,0.3862762451171875
1.2499618530273438,1.2499618530273438,0.3266143798828125
1.2499618530273438,1.2499618530273438,0.192413330078125
1.2499618530273438,1.2499618530273438,0.199127197265625
1.2499618530273438,1.2499618530273438,0.1641082763671875
1.2499618530273438,1.2499618530273438,-0.041046142578125
1.2499618530273438,1.2499618530273438,-0.1873016357421875
1.2499618530273438,1.2499618530273438,-0.101318359375
1.2499618530273438,1.2499618530273438,-0.3195953369140625
1.2499618530273438,1.2499618530273438,-0.3401947021484375
1.2499618530273438,1.2499618530273438,-0.4199981689453125
1.2499618530273438,1.2499618530273438,-0.417938232421875
1.1190414428710938,1.1777877807617188,-0.4750823974609375
1.2499618530273438,1.2499618530273438,-0.3853607177734375
1.2499618530273438,1.2499618530273438,-0.2457427978515625
1.2499618530273438,1.2499618530273438,-0.2423095703125
1.2499618530273438,1.2499618530273438,-0.2264404296875
1.2499618530273438,1.2499618530273438,0.0469970703125
1.2499618530273438,1.2499618530273438,-0.0734710693359375
1.2499618530273438,1.2499618530273438,-0.0171661376953125
1.2499618530273438,1.2499618530273438,0.146942138671875
1.2499618530273438,1.2499618530273438,0.226593017578125
1.2499618530273438,1.2499618530273438,0.194854736328125
1.2499618530273438,1.2499618530273438,0.28350830078125
1.2499618530273438,1.2499618530273438,0.250091552734375
1.2499618530273438,1.2499618530273438,0.241546630859375
1.2499618530273438,1.2499618530273438,0.2747344970703125
1.2241744995117188,1.1230087280273438,0.3095245361328125
1.2499618530273438,1.2499618530273438,0.311279296875
1.2499618530273438,1.2499618530273438,0.317840576171875
1.2499618530273438,1.2499618530273438,0.3804779052734375
1.2499618530273438,1.2499618530273438,0.393218994140625
1.2499618530273438,1.2499618530273438,0.1856231689453125
1.2499618530273438,1.2499618530273438,0.1180267333984375
1.2499618530273438,1.2499618530273438,0.2054595947265625
1.2499618530273438,1.2499618530273438,-0.083770751953125
1.2499618530273438,1.2499618530273438,-0.181427001953125
1.2499618530273438,1.2499618530273438,-0.2097320556640625
1.2499618530273438,1.2499618530273438,-0.2408599853515625
1.2499618530273438,1.2499618530273438,-0.3702545166015625
1.2499618530273438,1.2499618530273438,-0.42724609375
1.2499618530273438,1.2499618530273438,-0.4034423828125
1.101226806640625,1.1734390258789062,-0.4119873046875
1.2499618530273438,1.2499618530273438,-0.4010009765625
1.2499618530273438,1.2499618530273438,-0.27984619140625
1.2499618530273438,1.2499618530273438,-0.216522216796875
1.2499618530273438,1.2499618530273438,-0.10711669921875
1.2499618530273438,1.2499618530273438,-0.07049560546875
1.2499618530273438,1.2499618530273438,-0.065765380859375
1.2499618530273438,1.2499618530273438,0.0002288818359375
1.2499618530273438,1.2499618530273438,0.0872039794921875
1.2499618530273438,1.2499618530273438,0.2191162109375
1.2499618530273438,1.2499618530273438,0.1993560791015625
1.2499618530273438,1.2499618530273438,0.2050018310546875
1.2499618530273438,1.2499618530273438,0.250244140625
1.2499618530273438,1.2499618530273438,0.237274169921875
1.2499618530273438,1.2499618530273438,0.2228546142578125
1.1932754516601562,1.1159133911132812,0.2890777587890625
1.2499618530273438,1.2499618530273438,0.264434814453125
1.2499618530273438,1.2499618530273438,0.3564453125
1.2499618530273438,1.2499618530273438,0.35125732421875
1.2499618530273438,1.2499618530273438,0.369873046875
1.2499618530273438,1.2499618530273438,0.2164459228515625
1.2499618530273438,1.2499618530273438,0.19287109375
1.2499618530273438,1.2499618530273438,0.1129150390625
1.2499618530273438,1.2499618530273438,-0.0241851806640625
1.2499618530273438,1.2499618530273438,-0.1385498046875
1.2499618530273438,1.2499618530273438,-0.187835693359375
1.2499618530273438,1.2499618530273438,-0.2667236328125
1.2499618530273438,1.2499618530273438,-0.4309844970703125
1.2499618530273438,1.2499618530273438,-0.507659912109375
1.2499618530273438,1.2499618530273438,-0.4265594482421875
1.0918426513671875,1.1476516723632812,-0.407562255859375
1.2499618530273438,1.2499618530273438,-0.37750244140625
1.2499618530273438,1.2499618530273438,-0.2480316162109375
1.2499618530273438,1.2499618530273438,-0.2748870849609375
1.2499618530273438,1.2499618530273438,-0.1515960693359375
1.2499618530273438,1.2499618530273438,-0.0786590576171875
1.2499618530273438,1.2499618530273438,-0.001373291015625
1.2499618530273438,1.2499618530273438,-0.0022125244140625
1.2499618530273438,1.2499618530273438,0.1337432861328125
1.2499618530273438,1.2499618530273438,0.240020751953125
1.2499618530273438,1.2499618530273438,0.1761627197265625
1.2499618530273438,1.2499618530273438,0.269927978515625
1.2499618530273438,1.2499618530273438,0.2826690673828125
1.2499618530273438,1.2499618530273438,0.286712646484375
1.2499618530273438,1.2499618530273438,0.2347564697265625
1.1674118041992188,1.1150741577148438,0.316314697265625
1.2499618530273438,1.2499618530273438,0.317840576171875
1.2499618530273438,1.2499618530273438,0.3070068359375
1.2499618530273438,1.2499618530273438,0.37353515625
1.2499618530273438,1.2499618530273438,0.3667449951171875
1.2499618530273438,1.2499618530273438,0.312042236328125
1.2499618530273438,1.2499618530273438,0.124664306640625
1.2499618530273438,1.2499618530273438,0.1911163330078125
1.2499618530273438,1.2499618530273438,-0.1367950439453125
1.2499618530273438,1.2499618530273438,-0.1143646240234375
1.2499618530273438,1.2499618530273438,-0.1860809326171875
1.2499618530273438,1.2499618530273438,-0.2571868896484375
1.2499618530273438,1.2499618530273438,-0.4041290283203125
1.2499618530273438,1.2499618530273438,-0.4671478271484375
1.2499618530273438,1.2499618530273438,-0.4036712646484375
1.08673095703125,1.1454010009765625,-0.429229736328125
1.2499618530273438,1.2499618530273438,-0.3264617919921875
1.2499618530273438,1.2499618530273438,-0.2724456787109375
1.2499618530273438,1.2499618530273438,-0.24658203125
1.2499618530273438,1.2499618530273438,-0.142059326171875
1.2499618530273438,1.2499618530273438,-0.064544677734375
1.2499618530273438,1.2499618530273438,-0.023956298828125
1.2499618530273438,1.2499618530273438,-0.0214385986328125
1.2499618530273438,1.2499618530273438,0.167388916015625
1.2499618530273438,1.2499618530273438,0.2176666259765625
1.2499618530273438,1.2499618530273438,0.150909423828125
1.2499618530273438,1.2499618530273438,0.1910400390625
1.2499618530273438,1.2499618530273438,0.283355712890625
1.2499618530273438,1.2499618530273438,0.2899932861328125
1.2499618530273438,1.2499618530273438,0.2581787109375
1.1461639404296875,1.1082077026367188,0.319976806640625
1.2499618530273438,1.2499618530273438,0.3076171875
1.2499618530273438,1.2499618530273438,0.34210205078125
1.2499618530273438,1.2499618530273438,0.4019927978515625
1.2499618530273438,1.2499618530273438,0.2768707275390625
1.2499618530273438,1.2499618530273438,0.312652587890625
1.2499618530273438,1.2499618530273438,0.12664794921875
1.2499618530273438,1.2499618530273438,0.1213836669921875
1.2499618530273438,1.2499618530273438,-0.1235198974609375
1.2499618530273438,1.2499618530273438,-0.09674072265625
1.2499618530273438,1.2499618530273438,-0.2451324462890625
1.2499618530273438,1.2499618530273438,-0.255279541015625
1.2499618530273438,1.2499618530273438,-0.377349853515625
1.2499618530273438,1.2499618530273438,-0.416107177734375
1.2499618530273438,1.2499618530273438,-0.4290008544921875
1.0590744018554688,1.1347198486328125,-0.4477691650390625
1.2499618530273438,1.2499618530273438,-0.323333740234375
1.2499618530273438,1.2499618530273438,-0.26885986328125
1.2499618530273438,1.2499618530273438,-0.35064697265625
1.2499618530273438,1.2499618530273438,-0.204925537109375
1.2499618530273438,1.2499618530273438,0.0698089599609375
1.2499618530273438,1.2499618530273438,-0.012359619140625
1.2499618530273438,1.2499618530273438,-0.0006103515625
1.2499618530273438,1.2499618530273438,0.1358795166015625
1.2499618530273438,1.2499618530273438,0.185394287109375
1.2499618530273438,1.2499618530273438,0.1422882080078125
1.2499618530273438,1.2499618530273438,0.164337158203125
1.2499618530273438,1.2499618530273438,0.25634765625
1.2499618530273438,1.2499618530273438,0.291290283203125
1.2499618530273438,1.2499618530273438,0.2304840087890625
1.1356353759765625,1.0793304443359375,0.311126708984375
1.2499618530273438,1.2499618530273438,0.2951812744140625
1.2499618530273438,1.2499618530273438,0.2898406982421875
1.2499618530273438,1.2499618530273438,0.392303466796875
1.2499618530273438,1.2499618530273438,0.373992919921875
1.2499618530273438,1.2499618530273438,0.2231597900390625
1.2499618530273438,1.2499618530273438,0.1496124267578125
1.2499618530273438,1.2499618530273438,0.2028656005859375
1.2499618530273438,1.2499618530273438,-0.098876953125
1.2499618530273438,1.2499618530273438,-0.1158905029296875
1.2499618530273438,1.2499618530273438,-0.2017974853515625
1.2499618530273438,1.2499618530273438,-0.2976226806640625
1.2499618530273438,1.2499618530273438,-0.364532470703125
1.2499618530273438,1.2499618530273438,-0.4729461669921875
1.2499618530273438,1.2499618530273438,-0.418243408203125
1.0807418823242188,1.13311767578125,-0.4247283935546875
1.2499618530273438,1.2499618530273438,-0.43792724609375
1.2499618530273438,1.2499618530273438,-0.318145751953125
1.2499618530273438,1.2499618530273438,-0.2675628662109375
1.2499618530273438,1.2499618530273438,-0.2318572998046875
1.2499618530273438,1.2499618530273438,-0.054168701171875
1.2499618530273438,1.2499618530273438,-0.0160980224609375
1.2499618530273438,1.2499618530273438,-0.0707244873046875
1.2499618530273438,1.2499618530273438,0.1609039306640625
1.2499618530273438,1.2499618530273438,0.1879119873046875
1.2499618530273438,1.2499618530273438,0.2079010009765625
1.2499618530273438,1.2499618530273438,0.2353668212890625
1.2499618530273438,1.2499618530273438,0.3028106689453125
1.2499618530273438,1.2499618530273438,0.269317626953125
1.2499618530273438,1.2499618530273438,0.212860107421875
1.1323165893554688,1.0675430297851562,0.3522491455078125
1.2499618530273438,1.2499618530273438,0.1853179931640625
1.2499618530273438,1.2499618530273438,0.3340911865234375
1.2499618530273438,1.2499618530273438,0.4026031494140625
1.2499618530273438,1.2499618530273438,0.2588653564453125
1.2499618530273438,1.2499618530273438,0.273284912109375
1.2499618530273438,1.2499618530273438,0.1483917236328125
1.2499618530273438,1.2499618530273438,0.0959014892578125
1.2499618530273438,1.2499618530273438,-0.09490966796875
1.2499618530273438,1.2499618530273438,-0.125274658203125
1.2499618530273438,1.2499618530273438,-0.1666259765625
1.2499618530273438,1.2499618530273438,-0.2741241455078125
1.2499618530273438,1.2499618530273438,-0.41900634765625
1.2499618530273438,1.2499618530273438,-0.4463958740234375
1.2499618530273438,1.2499618530273438,-0.3874969482421875
1.0720443725585938,1.1199188232421875,-0.4442596435546875
1.2499618530273438,1.2499618530273438,-0.352783203125
1.2499618530273438,1.2499618530273438,-0.258636474609375
1.2499618530273438,1.2499618530273438,-0.299224853515625
1.2499618530273438,1.2499618530273438,-0.2329254150390625
1.2499618530273438,1.2499618530273438,-0.05889892578125
1.2499618530273438,1.2499618530273438,-0.09552001953125
1.2499618530273438,1.2499618530273438,-0.0560760498046875
1.2499618530273438,1.2499618530273438,0.16357421875
1.2499618530273438,1.2499618530273438,0.1800537109375
1.2499618530273438,1.2499618530273438,0.1910400390625
1.2499618530273438,1.2499618530273438,0.21514892578125
1.2499618530273438,1.2499618530273438,0.274810791015625
1.2499618530273438,1.2499618530273438,0.275115966796875
1.2499618530273438,1.2499618530273438,0.257720947265625
1.108856201171875,1.0581588745117188,0.32806396484375
1.2499618530273438,1.2499618530273438,0.2922821044921875
1.2499618530273438,1.2499618530273438,0.3110504150390625
1.2499618530273438,1.2499618530273438,0.3769683837890625
1.2499618530273438,1.2499618530273438,0.4315185546875
1.2499618530273438,1.2499618530273438,0.282745361328125
1.2499618530273438,1.2499618530273438,0.19317626953125
1.2499618530273438,1.2499618530273438,0.0653839111328125
1.2499618530273438,1.2499618530273438,-0.1154327392578125
1.2499618530273438,1.2499618530273438,-0.1879119873046875
1.2499618530273438,1.2499618530273438,-0.1371002197265625
1.2499618530273438,1.2499618530273438,-0.287933349609375
1.2499618530273438,1.2499618530273438,-0.390625
1.2499618530273438,1.2499618530273438,-0.3961944580078125
1.2499618530273438,1.2499618530273438,-0.4415130615234375
1.0791397094726562,1.14013671875,-0.428314208984375
1.2499618530273438,1.2499618530273438,-0.3279876708984375
1.2499618530273438,1.2499618530273438,-0.329132080078125
1.2499618530273438,1.2499618530273438,-0.3183746337890625
1.2499618530273438,1.2499618530273438,-0.1983642578125
1.2499618530273438,1.2499618530273438,0.00030517578125
1.2499618530273438,1.2499618530273438,-0.0710296630859375
1.2499618530273438,1.2499618530273438,0.0400543212890625
1.2499618530273438,1.2499618530273438,0.2300262451171875
1.2499618530273438,1.2499618530273438,0.2254486083984375
1.2499618530273438,1.2499618530273438,0.2040863037109375
1.2499618530273438,1.2499618530273438,0.1587677001953125
1.2499618530273438,1.2499618530273438,0.2416229248046875
1.2499618530273438,1.2499618530273438,0.297088623046875
1.2499618530273438,1.2499618530273438,0.2056884765625
1.1109542846679688,1.0552597045898438,0.2935791015625
1.2499618530273438,1.2499618530273438,0.30426025390625
1.2499618530273438,1.2499618530273438,0.2475738525390625
1.2499618530273438,1.2499618530273438,0.3554534912109375
1.2499618530273438,1.2499618530273438,0.394287109375
1.2499618530273438,1.2499618530273438,0.2712249755859375
1.2499618530273438,1.2499618530273438,0.0521087646484375
1.2499618530273438,1.2499618530273438,0.0917816162109375
1.2499618530273438,1.2499618530273438,-0.0661468505859375
1.2499618530273438,1.2499618530273438,-0.1456451416015625
1.2499618530273438,1.2499618530273438,-0.16326904296875
1.2499618530273438,1.2499618530273438,-0.34149169921875
1.2499618530273438,1.2499618530273438,-0.4009246826171875
1.2499618530273438,1.2499618530273438,-0.466156005859375
1.2499618530273438,1.2499618530273438,-0.4624176025390625
1.0372543334960938,1.1283493041992188,-0.4412841796875
1.2499618530273438,1.2499618530273438,-0.333251953125
1.2499618530273438,1.2499618530273438,-0.2880096435546875
1.2499618530273438,1.2499618530273438,-0.2889251708984375
1.2499618530273438,1.2499618530273438,-0.242156982421875
1.2499618530273438,1.2499618530273438,0.0002288818359375
1.2499618530273438,1.2499618530273438,-0.0522613525390625
1.2499618530273438,1.2499618530273438,-0.0360870361328125
1.2499618530273438,1.2499618530273438,0.1900482177734375
1.2499618530273438,1.2499618530273438,0.1534271240234375
1.2499618530273438,1.2499618530273438,0.25360107421875
1.2499618530273438,1.2499618530273438,0.2640533447265625
1.2499618530273438,1.2499618530273438,0.2686309814453125
1.2499618530273438,1.2499618530273438,0.2532958984375
1.2499618530273438,1.2499618530273438,0.25726318359375
1.1118698120117188,1.04644775390625,0.30853271484375
1.2499618530273438,1.2499618530273438,0.2957916259765625
1.2499618530273438,1.2499618530273438,0.3290557861328125
1.2499618530273438,1.2499618530273438,0.4094696044921875
1.2499618530273438,1.2499618530273438,0.197906494140625
1.2499618530273438,1.2499618530273438,0.1806640625
1.2499618530273438,1.2499618530273438,0.2066802978515625
1.2499618530273438,1.2499618530273438,0.146331787109375
1.2499618530273438,1.2499618530273438,-0.06805419921875
1.2499618530273438,1.2499618530273438,-0.1490020751953125
1.2499618530273438,1.2499618530273438,-0.2031707763671875
1.2499618530273438,1.2499618530273438,-0.28717041015625
1.2499618530273438,1.2499618530273438,-0.400238037109375
1.2499618530273438,1.2499618530273438,-0.4450225830078125
1.2499618530273438,1.2499618530273438,-0.4158782958984375
1.0776138305664062,1.121826171875,-0.45928955078125
1.2499618530273438,1.2499618530273438,-0.2996826171875
1.2499618530273438,1.2499618530273438,-0.254974365234375
1.2499618530273438,1.2499618530273438,-0.3035736083984375
1.2499618530273438,1.2499618530273438,-0.1396942138671875
1.2499618530273438,1.2499618530273438,-0.103302001953125
1.2499618530273438,1.2499618530273438,-0.008544921875
1.2499618530273438,1.2499618530273438,-0.0054168701171875
1.2499618530273438,1.2499618530273438,0.12939453125
1.2499618530273438,1.2499618530273438,0.1438140869140625
1.2499618530273438,1.2499618530273438,0.2204132080078125
1.2499618530273438,1.2499618530273438,0.28106689453125
1.2499618530273438,1.2499618530273438,0.303955078125
1.2499618530273438,1.2499618530273438,0.2291107177734375
1.2499618530273438,1.2499618530273438,0.251617431640625
1.1046600341796875,1.03485107421875,0.316314697265625
1.2499618530273438,1.2499618530273438,0.2791595458984375
1.2499618530273438,1.2499618530273438,0.28411865234375
1.2499618530273438,1.2499618530273438,0.41229248046875
1.2499618530273438,1.2499618530273438,0.3148651123046875
1.2499618530273438,1.2499618530273438,0.3096771240234375
1.2499618530273438,1.2499618530273438,0.270538330078125
1.2499618530273438,1.2499618530273438,0.1673126220703125
1.2499618530273438,1.2499618530273438,-0.10406494140625
1.2499618530273438,1.2499618530273438,-0.1059722900390625
1.2499618530273438,1.2499618530273438,-0.142059326171875
1.2499618530273438,1.2499618530273438,-0.239410400390625
1.2499618530273438,1.2499618530273438,-0.382080078125
1.2499618530273438,1.2499618530273438,-0.5045318603515625
1.2499618530273438,1.2499618530273438,-0.4158782958984375
1.0511398315429688,1.11083984375,-0.47210693359375
1.2499618530273438,1.2499618530273438,-0.376129150390625
1.2499618530273438,1.2499618530273438,-0.344390869140625
1.2499618530273438,1.2499618530273438,-0.2678680419921875
1.2499618530273438,1.2499618530273438,-0.2117919921875
1.2499618530273438,1.2499618530273438,-0.0118255615234375
1.2499618530273438,1.2499618530273438,-0.1006317138671875
1.2499618530273438,1.2499618530273438,-0.0331878662109375
1.2499618530273438,1.2499618530273438,0.2060699462890625
1.2499618530273438,1.2499618530273438,0.18157958984375
1.2499618530273438,1.2499618530273438,0.24627685546875
1.2499618530273438,1.2499618530273438,0.27618408203125
1.2499618530273438,1.2499618530273438,0.245819091796875
1.2499618530273438,1.2499618530273438,0.2569580078125
1.2499618530273438,1.2499618530273438,0.208892822265625
1.1226654052734375,1.04217529296875,0.2951812744140625
1.2499618530273438,1.2499618530273438,0.3047943115234375
1.2499618530273438,1.2499618530273438,0.27587890625
1.2499618530273438,1.2499618530273438,0.446624755859375
1.2499618530273438,1.2499618530273438,0.332794189453125
1.2499618530273438,1.2499618530273438,0.1457977294921875
1.2499618530273438,1.2499618530273438,0.175323486328125
1.2499618530273438,1.2499618530273438,0.1334381103515625
1.2499618530273438,1.2499618530273438,-0.1378631591796875
1.2499618530273438,1.2499618530273438,-0.0823211669921875
1.2499618530273438,1.2499618530273438,-0.188140869140625
1.2499618530273438,1.2499618530273438,-0.26763916015625
1.2499618530273438,1.2499618530273438,-0.394287109375
1.2499618530273438,1.2499618530273438,-0.4541015625
1.2499618530273438,1.2499618530273438,-0.371246337890625
1.0350799560546875,1.0788345336914062,-0.43609619140625
1.2499618530273438,1.2499618530273438,-0.363922119140625
1.2499618530273438,1.2499618530273438,-0.272979736328125
1.2499618530273438,1.2499618530273438,-0.2813720703125
1.2499618530273438,1.2499618530273438,-0.1644134521484375
1.2499618530273438,1.2499618530273438,-0.075836181640625
1.2499618530273438,1.2499618530273438,-0.07537841796875
1.2499618530273438,1.2499618530273438,-0.0373077392578125
1.2499618530273438,1.2499618530273438,0.048065185546875
1.2499618530273438,1.2499618530273438,0.2860260009765625
1.2499618530273438,1.2499618530273438,0.157623291015625
1.2499618530273438,1.2499618530273438,0.230865478515625
1.2499618530273438,1.2499618530273438,0.293426513671875
1.2499618530273438,1.2499618530273438,0.2301025390625
1.2499618530273438,1.2499618530273438,0.220947265625
1.1116409301757812,1.0445022583007812,0.30242919921875
1.2499618530273438,1.2499618530273438,0.2686309814453125
1.2499618530273438,1.2499618530273438,0.3176116943359375
1.2499618530273438,1.2499618530273438,0.4137420654296875
1.2499618530273438,1.2499618530273438,0.360107421875
1.2499618530273438,1.2499618530273438,0.2790069580078125
1.2499618530273438,1.2499618530273438,0.2313232421875
1.2499618530273438,1.2499618530273438,0.1200103759765625
1.2499618530273438,1.2499618530273438,-0.13336181640625
1.2499618530273438,1.2499618530273438,-0.1667022705078125
1.2499618530273438,1.2499618530273438,-0.241241455078125
1.2499618530273438,1.2499618530273438,-0.3079986572265625
1.2499618530273438,1.2499618530273438,-0.42266845703125
1.2499618530273438,1.2499618530273438,-0.409393310546875
1.2499618530273438,1.2499618530273438,-0.459136962890625
1.0213470458984375,1.0814285278320312,-0.404052734375
1.2499618530273438,1.2499618530273438,-0.340728759765625
1.2499618530273438,1.2499618530273438,-0.2986907958984375
1.2499618530273438,1.2499618530273438,-0.263671875
1.2499618530273438,1.2499618530273438,-0.2498626708984375
1.2499618530273438,1.2499618530273438,-0.037384033203125
1.2499618530273438,1.2499618530273438,-0.0060272216796875
1.2499618530273438,1.2499618530273438,0.0443267822265625
1.2499618530273438,1.2499618530273438,0.089263916015625
1.2499618530273438,1.2499618530273438,0.225067138671875
1.2499618530273438,1.2499618530273438,0.1874542236328125
1.2499618530273438,1.2499618530273438,0.263519287109375
1.2499618530273438,1.2499618530273438,0.2104949951171875
1.2499618530273438,1.2499618530273438,0.2819061279296875
1.2499618530273438,1.2499618530273438,0.2600860595703125
1.068115234375,1.0367965698242188,0.3374481201171875
1.2499618530273438,1.2499618530273438,0.3423309326171875
1.2499618530273438,1.2499618530273438,0.2911376953125
1.2499618530273438,1.2499618530273438,0.3079986572265625
1.2499618530273438,1.2499618530273438,0.2002716064453125
1.2499618530273438,1.2499618530273438,0.2135467529296875
1.2499618530273438,1.2499618530273438,0.099029541015625
1.2499618530273438,1.2499618530273438,0.0957489013671875
1.2499618530273438,1.2499618530273438,-0.147247314453125
1.2499618530273438,1.2499618530273438,-0.186614990234375
1.2499618530273438,1.2499618530273438,-0.1403045654296875
1.2499618530273438,1.2499618530273438,-0.2848052978515625
1.2499618530273438,1.2499618530273438,-0.4082489013671875
1.2499618530273438,1.2499618530273438,-0.45928955078125
1.2499618530273438,1.2499618530273438,-0.388946533203125
1.0085296630859375,1.0480117797851562,-0.4656219482421875
1.2499618530273438,1.2499618530273438,-0.4073333740234375
1.2499618530273438,1.2499618530273438,-0.274505615234375
1.2499618530273438,1.2499618530273438,-0.2533721923828125
1.2499618530273438,1.2499618530273438,-0.2086639404296875
1.2499618530273438,1.2499618530273438,-0.0154876708984375
1.2499618530273438,1.2499618530273438,0.0359344482421875
1.2499618530273438,1.2499618530273438,0.0339508056640625
1.2499618530273438,1.2499618530273438,0.1973724365234375
1.2499618530273438,1.2499618530273438,0.20111083984375
1.2499618530273438,1.2499618530273438,0.2094268798828125
1.2499618530273438,1.2499618530273438,0.218658447265625
1.2499618530273438,1.2499618530273438,0.2576446533203125
1.2499618530273438,1.2499618530273438,0.2750396728515625
1.2499618530273438,1.2499618530273438,0.2274322509765625
1.0937881469726562,1.0188674926757812,0.31494140625
1.2499618530273438,1.2499618530273438,0.2777862548828125
1.2499618530273438,1.2499618530273438,0.3266143798828125
1.2499618530273438,1.2499618530273438,0.287017822265625
1.2499618530273438,1.2499618530273438,0.4090118408203125
1.2499618530273438,1.2499618530273438,0.2736663818359375
1.2499618530273438,1.2499618530273438,0.236053466796875
1.2499618530273438,1.2499618530273438,0.0434112548828125
1.2499618530273438,1.2499618530273438,-0.048675537109375
1.2499618530273438,1.2499618530273438,-0.1999664306640625
1.2499618530273438,1.2499618530273438,-0.1390838623046875
1.2499618530273438,1.2499618530273438,-0.323638916015625
1.2499618530273438,1.2499618530273438,-0.3672027587890625
1.2499618530273438,1.2499618530273438,-0.498199462890625
1.2499618530273438,1.2499618530273438,-0.4491424560546875
0.988006591796875,1.094970703125,-0.5138397216796875
1.2499618530273438,1.2499618530273438,-0.233917236328125
1.2499618530273438,1.2499618530273438,-0.2945709228515625
1.2499618530273438,1.2499618530273438,-0.1816558837890625
1.2499618530273438,1.2499618530273438,-0.2462005615234375
1.2499618530273438,1.2499618530273438,0.0377655029296875
1.2499618530273438,1.2499618530273438,0.0699615478515625
1.2499618530273438,1.2499618530273438,0.0262451171875
1.2499618530273438,1.2499618530273438,0.1181793212890625
1.2499618530273438,1.2499618530273438,0.17822265625
1.2499618530273438,1.2499618530273438,0.17791748046875
1.2499618530273438,1.2499618530273438,0.2825927734375
1.2499618530273438,1.2499618530273438,0.3879547119140625
1.2499618530273438,1.2499618530273438,0.262298583984375
1.2499618530273438,1.2499618530273438,0.22735595703125
1.0625839233398438,0.99945068359375,0.3072357177734375
1.2499618530273438,1.2499618530273438,0.3896331787109375
1.2499618530273438,1.2499618530273438,0.365142822265625
1.2499618530273438,1.2499618530273438,0.3997802734375
1.2499618530273438,1.2499618530273438,0.328826904296875
1.2499618530273438,1.2499618530273438,0.1873016357421875
1.2499618530273438,1.2499618530273438,0.1641845703125
1.2499618530273438,1.2499618530273438,0.08148193359375
1.2499618530273438,1.2499618530273438,-0.087738037109375
1.2499618530273438,1.2499618530273438,-0.1104736328125
1.2499618530273438,1.2499618530273438,-0.189971923828125
1.2499618530273438,1.2499618530273438,-0.3270721435546875
1.2499618530273438,1.2499618530273438,-0.4030609130859375
1.2499618530273438,1.2499618530273438,-0.4006195068359375
1.2499618530273438,1.2499618530273438,-0.41412353515625
0.9891891479492188,1.0397720336914062,-0.46966552734375
1.2499618530273438,1.2499618530273438,-0.3356170654296875
1.2499618530273438,1.2499618530273438,-0.322418212890625
1.2499618530273438,1.2499618530273438,-0.3371429443359375
1.2499618530273438,1.2499618530273438,-0.2062225341796875
1.2499618530273438,1.2499618530273438,-0.0807952880859375
1.2499618530273438,1.2499618530273438,-0.0399017333984375
1.2499618530273438,1.2499618530273438,0.008087158203125
1.2499618530273438,1.2499618530273438,0.1483154296875
1.2499618530273438,1.2499618530273438,0.2344512939453125
1.2499618530273438,1.2499618530273438,0.2233123779296875
1.2499618530273438,1.2499618530273438,0.227203369140625
1.2499618530273438,1.2499618530273438,0.283966064453125
1.2499618530273438,1.2499618530273438,0.3583526611328125
1.2499618530273438,1.2499618530273438,0.23773193359375
1.0503387451171875,0.9834671020507812,0.29510498046875
1.2499618530273438,1.2499618530273438,0.2672576904296875
1.2499618530273438,1.2499618530273438,0.25238037109375
1.2499618530273438,1.2499618530273438,0.41534423828125
1.2499618530273438,1.2499618530273438,0.364837646484375
1.2499618530273438,1.2499618530273438,0.1493072509765625
1.2499618530273438,1.2499618530273438,0.185394287109375
1.2499618530273438,1.2499618530273438,0.0496673583984375
1.2499618530273438,1.2499618530273438,-0.0579833984375
1.2499618530273438,1.2499618530273438,-0.184173583984375
1.2499618530273438,1.2499618530273438,-0.1671600341796875
1.2499618530273438,1.2499618530273438,-0.33721923828125
1.2499618530273438,1.2499618530273438,-0.414886474609375
1.2499618530273438,1.2499618530273438,-0.488739013671875
1.2499618530273438,1.2499618530273438,-0.4248046875
1.00677490234375,1.0191726684570312,-0.455474853515625
1.2499618530273438,1.2499618530273438,-0.38909912109375
1.2499618530273438,1.2499618530273438,-0.261383056640625
1.2499618530273438,1.2499618530273438,-0.2991485595703125
1.2499618530273438,1.2499618530273438,-0.1873016357421875
1.2499618530273438,1.2499618530273438,-0.0502777099609375
1.2499618530273438,1.2499618530273438,-0.0746917724609375
1.2499618530273438,1.2499618530273438,0.0555419921875
1.2499618530273438,1.2499618530273438,0.22796630859375
1.2499618530273438,1.2499618530273438,0.214080810546875
1.2499618530273438,1.2499618530273438,0.14129638671875
1.2499618530273438,1.2499618530273438,0.22918701171875
1.2499618530273438,1.2499618530273438,0.281982421875
1.2499618530273438,1.2499618530273438,0.27587890625
1.2499618530273438,1.2499618530273438,0.2248382568359375
1.032257080078125,0.9745407104492188,0.3168487548828125
1.2499618530273438,1.2499618530273438,0.2652740478515625
1.2499618530273438,1.2499618530273438,0.3536224365234375
1.2499618530273438,1.2499618530273438,0.399169921875
1.2499618530273438,1.2499618530273438,0.282135009765625
1.2499618530273438,1.2499618530273438,0.2675628662109375
1.2499618530273438,1.2499618530273438,0.1413726806640625
1.2499618530273438,1.2499618530273438,0.152130126953125
1.2499618530273438,1.2499618530273438,-0.1221466064453125
1.2499618530273438,1.2499618530273438,-0.17578125
1.2499618530273438,1.2499618530273438,-0.218353271484375
1.2499618530273438,1.2499618530273438,-0.306549072265625
1.2499618530273438,1.2499618530273438,-0.420989990234375
1.2499618530273438,1.2499618530273438,-0.4508209228515625
1.2499618530273438,1.2499618530273438,-0.4245758056640625
0.9833526611328125,1.0244369506835938,-0.4491424560546875
1.2499618530273438,1.2499618530273438,-0.3058624267578125
1.2499618530273438,1.2499618530273438,-0.2190399169921875
1.2499618530273438,1.2499618530273438,-0.2655029296875
1.2499618530273438,1.2499618530273438,-0.2069091796875
1.2499618530273438,1.2499618530273438,-0.0698089599609375
1.2499618530273438,1.2499618530273438,-0.0507354736328125
1.2499618530273438,1.2499618530273438,-0.018310546875
1.2499618530273438,1.2499618530273438,0.1583099365234375
1.2499618530273438,1.2499618530273438,0.200653076171875
1.2499618530273438,1.2499618530273438,0.1563262939453125
1.2499618530273438,1.2499618530273438,0.227203369140625
1.2499618530273438,1.2499618530273438,0.2105712890625
1.2499618530273438,1.2499618530273438,0.2978515625
1.2499618530273438,1.2499618530273438,0.27740478515625
1.0193252563476562,0.955963134765625,0.3174591064453125
1.2499618530273438,1.2499618530273438,0.3211212158203125
1.2499618530273438,1.2499618530273438,0.3299713134765625
1.2499618530273438,1.2499618530273438,0.4463958740234375
1.2499618530273438,1.2499618530273438,0.3205108642578125
1.2499618530273438,1.2499618530273438,0.09521484375
1.2499618530273438,1.2499618530273438,0.1828765869140625
1.2499618530273438,1.2499618530273438,0.1238250732421875
1.2499618530273438,1.2499618530273438,-0.0832366943359375
1.2499618530273438,1.2499618530273438,-0.205078125
1.2499618530273438,1.2499618530273438,-0.159912109375
1.2499618530273438,1.2499618530273438,-0.324554443359375
1.2499618530273438,1.2499618530273438,-0.420684814453125
1.2499618530273438,1.2499618530273438,-0.488739013671875
1.2499618530273438,1.2499618530273438,-0.441741943359375
0.9764862060546875,1.022491455078125,-0.471649169921875
1.2499618530273438,1.2499618530273438,-0.33538818359375
1.2499618530273438,1.2499618530273438,-0.265960693359375
1.2499618530273438,1.2499618530273438,-0.31585693359375
1.2499618530273438,1.2499618530273438,-0.2138519287109375
1.2499618530273438,1.2499618530273438,-0.0319671630859375
1.2499618530273438,1.2499618530273438,-0.023651123046875
1.2499618530273438,1.2499618530273438,-0.029449462890625
1.2499618530273438,1.2499618530273438,0.236358642578125
1.2499618530273438,1.2499618530273438,0.1165008544921875
1.2499618530273438,1.2499618530273438,0.204315185546875
1.2499618530273438,1.2499618530273438,0.2400970458984375
1.2499618530273438,1.2499618530273438,0.2608489990234375
1.2499618530273438,1.2499618530273438,0.275726318359375
1.2499618530273438,1.2499618530273438,0.2379608154296875
1.0131454467773438,0.9403610229492188,0.28656005859375
1.2499618530273438,1.2499618530273438,0.3466796875
1.2499618530273438,1.2499618530273438,0.301361083984375
1.2499618530273438,1.2499618530273438,0.471954345703125
1.2499618530273438,1.2499618530273438,0.341033935546875
1.2499618530273438,1.2499618530273438,0.21026611328125
1.2499618530273438,1.2499618530273438,0.183563232421875
1.2499618530273438,1.2499618530273438,0.1078033447265625
1.2499618530273438,1.2499618530273438,-0.111846923828125
1.2499618530273438,1.2499618530273438,-0.1076507568359375
1.2499618530273438,1.2499618530273438,-0.167083740234375
1.2499618530273438,1.2499618530273438,-0.372772216796875
1.2499618530273438,1.2499618530273438,-0.4587554931640625
1.2499618530273438,1.2499618530273438,-0.4477691650390625
1.2499618530273438,1.2499618530273438,-0.451507568359375
0.9877395629882812,1.0197830200195312,-0.459747314453125
1.2499618530273438,1.2499618530273438,-0.3012847900390625
1.2499618530273438,1.2499618530273438,-0.296173095703125
1.2499618530273438,1.2499618530273438,-0.3391265869140625
1.2499618530273438,1.2499618530273438,-0.2136993408203125
1.2499618530273438,1.2499618530273438,0.025787353515625
1.2499618530273438,1.2499618530273438,0.040740966796875
1.2499618530273438,1.2499618530273438,0.045928955078125
1.2499618530273438,1.2499618530273438,0.15716552734375
1.2499618530273438,1.2499618530273438,0.22430419921875
1.2499618530273438,1.2499618530273438,0.22003173828125
1.2499618530273438,1.2499618530273438,0.29327392578125
1.2499618530273438,1.2499618530273438,0.33599853515625
1.2499618530273438,1.2499618530273438,0.259857177734375
1.2499618530273438,1.2499618530273438,0.2325439453125
0.9673309326171875,0.9238815307617188,0.31707763671875
1.2499618530273438,1.2499618530273438,0.341339111328125
1.2499618530273438,1.2499618530273438,0.3021240234375
1.2499618530273438,1.2499618530273438,0.4364776611328125
1.2499618530273438,1.2499618530273438,0.37109375
1.2499618530273438,1.2499618530273438,0.264129638671875
1.2499618530273438,1.2499618530273438,0.1882171630859375
1.2499618530273438,1.2499618530273438,0.0572967529296875
1.2499618530273438,1.2499618530273438,-0.0644683837890625
1.2499618530273438,1.2499618530273438,-0.158233642578125
1.2499618530273438,1.2499618530273438,-0.155029296875
1.2499618530273438,1.2499618530273438,-0.3436279296875
1.2499618530273438,1.2499618530273438,-0.37078857421875
1.2499618530273438,1.2499618530273438,-0.43609619140625
1.2499618530273438,1.2499618530273438,-0.453643798828125
0.9573745727539062,1.00341796875,-0.4400634765625
1.2499618530273438,1.2499618530273438,-0.2480316162109375
1.2499618530273438,1.2499618530273438,-0.2094268798828125
1.2499618530273438,1.2499618530273438,-0.326690673828125
1.2499618530273438,1.2499618530273438,-0.106658935546875
1.2499618530273438,1.2499618530273438,-0.0391387939453125
1.2499618530273438,1.2499618530273438,-0.0360107421875
1.2499618530273438,1.2499618530273438,0.0637054443359375
1.2499618530273438,1.2499618530273438,0.1631927490234375
1.2499618530273438,1.2499618530273438,0.1285552978515625
1.2499618530273438,1.2499618530273438,0.12420654296875
1.2499618530273438,1.2499618530273438,0.2764892578125
1.2499618530273438,1.2499618530273438,0.2414703369140625
1.2499618530273438,1.2499618530273438,0.2875518798828125
1.2499618530273438,1.2499618530273438,0.256805419921875
1.0110092163085938,0.9096527099609375,0.301055908203125
1.2499618530273438,1.2499618530273438,0.1869964599609375
1.2499618530273438,1.2499618530273438,0.2158355712890625
1.2499618530273438,1.2499618530273438,0.4528045654296875
1.2499618530273438,1.2499618530273438,0.30029296875
1.2499618530273438,1.2499618530273438,0.2262115478515625
1.2499618530273438,1.2499618530273438,0.1971435546875
1.2499618530273438,1.2499618530273438,0.12481689453125
1.2499618530273438,1.2499618530273438,-0.0580596923828125
1.2499618530273438,1.2499618530273438,-0.1561737060546875
1.2499618530273438,1.2499618530273438,-0.143890380859375
1.2499618530273438,1.2499618530273438,-0.304718017578125
1.2499618530273438,1.2499618530273438,-0.4354095458984375
1.2499618530273438,1.2499618530273438,-0.4158782958984375
1.2499618530273438,1.2499618530273438,-0.4549407958984375
0.9212493896484375,0.9872817993164062,-0.445404052734375
1.2499618530273438,1.2499618530273438,-0.29876708984375
1.2499618530273438,1.2499618530273438,-0.262298583984375
1.2499618530273438,1.2499618530273438,-0.326385498046875
1.2499618530273438,1.2499618530273438,-0.1806640625
1.2499618530273438,1.2499618530273438,-0.0189208984375
1.2499618530273438,1.2499618530273438,-0.0093841552734375
1.2499618530273438,1.2499618530273438,-0.0531005859375
1.2499618530273438,1.2499618530273438,0.1573944091796875
1.2499618530273438,1.2499618530273438,0.1224517822265625
1.2499618530273438,1.2499618530273438,0.19622802734375
1.2499618530273438,1.2499618530273438,0.208740234375
1.2499618530273438,1.2499618530273438,0.2928924560546875
1.2499618530273438,1.2499618530273438,0.3350830078125
1.2499618530273438,1.2499618530273438,0.220184326171875
0.9759140014648438,0.9296417236328125,0.336456298828125
1.2499618530273438,1.2499618530273438,0.2906036376953125
1.2499618530273438,1.2499618530273438,0.359039306640625
1.2499618530273438,1.2499618530273438,0.44677734375
1.2499618530273438,1.2499618530273438,0.30303955078125
1.2499618530273438,1.2499618530273438,0.1959228515625
1.2499618530273438,1.2499618530273438,0.162353515625
1.2499618530273438,1.2499618530273438,0.1239013671875
1.2499618530273438,1.2499618530273438,-0.0714111328125
1.2499618530273438,1.2499618530273438,-0.130157470703125
1.2499618530273438,1.2499618530273438,-0.11627197265625
1.2499618530273438,1.2499618530273438,-0.3050994873046875
1.2499618530273438,1.2499618530273438,-0.4651641845703125
1.2499618530273438,1.2499618530273438,-0.5178070068359375
1.2499618530273438,1.2499618530273438,-0.4335784912109375
0.9247207641601562,0.9788131713867188,-0.5139923095703125
1.2499618530273438,1.2499618530273438,-0.298309326171875
1.2499618530273438,1.2499618530273438,-0.3183746337890625
1.2499618530273438,1.2499618530273438,-0.258026123046875
1.2499618530273438,1.2499618530273438,-0.19195556640625
1.2499618530273438,1.2499618530273438,-0.042724609375
1.2499618530273438,1.2499618530273438,0.0400543212890625
1.2499618530273438,1.2499618530273438,-0.0310516357421875
1.2499618530273438,1.2499618530273438,0.305938720703125
1.2499618530273438,1.2499618530273438,0.1920318603515625
1.2499618530273438,1.2499618530273438,0.193023681640625
1.2499618530273438,1.2499618530273438,0.2652740478515625
1.2499618530273438,1.2499618530273438,0.3145599365234375
1.2499618530273438,1.2499618530273438,0.2507781982421875
1.2499618530273438,1.2499618530273438,0.20050048828125
0.9746932983398438,0.89508056640625,0.3098297119140625
1.2499618530273438,1.2499618530273438,0.2907562255859375
1.2499618530273438,1.2499618530273438,0.3150177001953125
1.2499618530273438,1.2499618530273438,0.492706298828125
1.2499618530273438,1.2499618530273438,0.337066650390625
1.2499618530273438,1.2499618530273438,0.2034759521484375
1.2499618530273438,1.2499618530273438,0.153656005859375
1.2499618530273438,1.2499618530273438,0.165252685546875
1.2499618530273438,1.2499618530273438,-0.0511932373046875
1.2499618530273438,1.2499618530273438,-0.1895904541015625
1.2499618530273438,1.2499618530273438,-0.1602935791015625
1.2499618530273438,1.2499618530273438,-0.293121337890625
1.2499618530273438,1.2499618530273438,-0.435638427734375
1.2499618530273438,1.2499618530273438,-0.4583740234375
1.2499618530273438,1.2499618530273438,-0.40771484375
0.8829498291015625,0.9674835205078125,-0.4659271240234375
1.2499618530273438,1.2499618530273438,-0.2610015869140625
1.2499618530273438,1.2499618530273438,-0.23651123046875
1.2499618530273438,1.2499618530273438,-0.25787353515625
1.2499618530273438,1.2499618530273438,-0.1383209228515625
1.2499618530273438,1.2499618530273438,0.03753662109375
1.2499618530273438,1.2499618530273438,0.0739288330078125
1.2499618530273438,1.2499618530273438,0.0472259521484375
1.2499618530273438,1.2499618530273438,0.2477264404296875
1.2499618530273438,1.2499618530273438,0.21942138671875
1.2499618530273438,1.2499618530273438,0.1611328125
1.2499618530273438,1.2499618530273438,0.26214599609375
1.2499618530273438,1.2499618530273438,0.19134521484375
1.2499618530273438,1.2499618530273438,0.254669189453125
1.2499618530273438,1.2499618530273438,0.242462158203125
0.9963607788085938,0.9042739868164062,0.3050994873046875
1.2499618530273438,1.2499618530273438,0.20721435546875
1.2499618530273438,1.2499618530273438,0.2960205078125
1.2499618530273438,1.2499618530273438,0.4541778564453125
1.2499618530273438,1.2499618530273438,0.309600830078125
1.2499618530273438,1.2499618530273438,0.25421142578125
1.2499618530273438,1.2499618530273438,0.20721435546875
1.2499618530273438,1.2499618530273438,0.066680908203125
1.2499618530273438,1.2499618530273438,-0.1580810546875
1.2499618530273438,1.2499618530273438,-0.1943206787109375
1.2499618530273438,1.2499618530273438,-0.149688720703125
1.2499618530273438,1.2499618530273438,-0.39093017578125
1.2499618530273438,1.2499618530273438,-0.4547119140625
1.2499618530273438,1.2499618530273438,-0.4651641845703125
1.2499618530273438,1.2499618530273438,-0.4694366455078125
0.9012222290039062,0.9427642822265625,-0.483551025390625
1.2499618530273438,1.2499618530273438,-0.3110504150390625
1.2499618530273438,1.2499618530273438,-0.269775390625
1.2499618530273438,1.2499618530273438,-0.34637451171875
1.2499618530273438,1.2499618530273438,-0.1690673828125
1.2499618530273438,1.2499618530273438,-0.093536376953125
1.2499618530273438,1.2499618530273438,-0.024871826171875
1.2499618530273438,1.2499618530273438,-0.04852294921875
1.2499618530273438,1.2499618530273438,0.2252960205078125
1.2499618530273438,1.2499618530273438,0.193328857421875
1.2499618530273438,1.2499618530273438,0.167236328125
1.2499618530273438,1.2499618530273438,0.2947998046875
1.2499618530273438,1.2499618530273438,0.2799224853515625
1.2499618530273438,1.2499618530273438,0.293121337890625
1.2499618530273438,1.2499618530273438,0.259857177734375
0.9932708740234375,0.9078598022460938,0.3021240234375
1.2499618530273438,1.2499618530273438,0.4266357421875
1.2499618530273438,1.2499618530273438,0.312652587890625
1.2499618530273438,1.2499618530273438,0.3900909423828125
1.2499618530273438,1.2499618530273438,0.39581298828125
1.2499618530273438,1.2499618530273438,0.201568603515625
1.2499618530273438,1.2499618530273438,0.21209716796875
1.2499618530273438,1.2499618530273438,0.07354736328125
1.2499618530273438,1.2499618530273438,-0.103607177734375
1.2499618530273438,1.2499618530273438,-0.115966796875
1.2499618530273438,1.2499618530273438,-0.1717376708984375
1.2499618530273438,1.2499618530273438,-0.3347015380859375
1.2499618530273438,1.2499618530273438,-0.40374755859375
1.2499618530273438,1.2499618530273438,-0.482177734375
1.2499618530273438,1.2499618530273438,-0.4244232177734375
0.8948516845703125,0.9396743774414062,-0.4302978515625
1.2499618530273438,1.2499618530273438,-0.345306396484375
1.2499618530273438,1.2499618530273438,-0.3296661376953125
1.2499618530273438,1.2499618530273438,-0.2886962890625
1.2499618530273438,1.2499618530273438,-0.2913665771484375
1.2499618530273438,1.2499618530273438,0.0133514404296875
1.2499618530273438,1.2499618530273438,-0.0968170166015625
1.2499618530273438,1.2499618530273438,0.020751953125
1.2499618530273438,1.2499618530273438,0.29296875
1.2499618530273438,1.2499618530273438,0.204010009765625
1.2499618530273438,1.2499618530273438,0.1845550537109375
1.2499618530273438,1.2499618530273438,0.2895355224609375
1.2499618530273438,1.2499618530273438,0.245208740234375
1.2499618530273438,1.2499618530273438,0.2959442138671875
1.2499618530273438,1.2499618530273438,0.2569580078125
0.9463119506835938,0.9149169921875,0.3314208984375
1.2499618530273438,1.2499618530273438,0.20721435546875
1.2499618530273438,1.2499618530273438,0.2941131591796875
1.2499618530273438,1.2499618530273438,0.387420654296875
1.2499618530273438,1.2499618530273438,0.2564239501953125
1.2499618530273438,1.2499618530273438,0.1525115966796875
1.2499618530273438,1.2499618530273438,0.2276611328125
1.2499618530273438,1.2499618530273438,0.10650634765625
1.2499618530273438,1.2499618530273438,-0.10833740234375
1.2499618530273438,1.2499618530273438,-0.1311492919921875
1.2499618530273438,1.2499618530273438,-0.184326171875
1.2499618530273438,1.2499618530273438,-0.3564453125
1.2499618530273438,1.2499618530273438,-0.4695892333984375
1.2499618530273438,1.2499618530273438,-0.395965576171875
1.2499618530273438,1.2499618530273438,-0.4390716552734375
0.8948135375976562,0.954742431640625,-0.434722900390625
1.2499618530273438,1.2499618530273438,-0.299072265625
1.2499618530273438,1.2499618530273438,-0.3601837158203125
1.2499618530273438,1.2499618530273438,-0.35186767578125
1.2499618530273438,1.2499618530273438,-0.0930023193359375
1.2499618530273438,1.2499618530273438,-0.0211334228515625
1.2499618530273438,1.2499618530273438,-0.0939178466796875
1.2499618530273438,1.2499618530273438,0.023651123046875
1.2499618530273438,1.2499618530273438,0.2237701416015625
1.2499618530273438,1.2499618530273438,0.222015380859375
1.2499618530273438,1.2499618530273438,0.1436614990234375
1.2499618530273438,1.2499618530273438,0.1584625244140625
1.2499618530273438,1.2499618530273438,0.2494049072265625
1.2499618530273438,1.2499618530273438,0.372772216796875
1.2499618530273438,1.2499618530273438,0.24322509765625
0.9522247314453125,0.89630126953125,0.310211181640625
1.2499618530273438,1.2499618530273438,0.2555084228515625
1.2499618530273438,1.2499618530273438,0.3216552734375
1.2499618530273438,1.2499618530273438,0.4109954833984375
1.2499618530273438,1.2499618530273438,0.35400390625
1.2499618530273438,1.2499618530273438,0.21331787109375
1.2499618530273438,1.2499618530273438,0.1963043212890625
1.2499618530273438,1.2499618530273438,0.14251708984375
1.2499618530273438,1.2499618530273438,-0.0576019287109375
1.2499618530273438,1.2499618530273438,-0.1831817626953125
1.2499618530273438,1.2499618530273438,-0.2516937255859375
1.2499618530273438,1.2499618530273438,-0.3411102294921875
1.2499618530273438,1.2499618530273438,-0.44097900390625
1.2499618530273438,1.2499618530273438,-0.484771728515625
1.2499618530273438,1.2499618530273438,-0.4135894775390625
0.8892059326171875,0.9535598754882812,-0.4314422607421875
1.2499618530273438,1.2499618530273438,-0.27984619140625
1.2499618530273438,1.2499618530273438,-0.2565765380859375
1.2499618530273438,1.2499618530273438,-0.314178466796875
1.2499618530273438,1.2499618530273438,-0.2394866943359375
1.2499618530273438,1.2499618530273438,0.0079345703125
1.2499618530273438,1.2499618530273438,-0.0164794921875
1.2499618530273438,1.2499618530273438,0.0118255615234375
1.2499618530273438,1.2499618530273438,0.1679229736328125
1.2499618530273438,1.2499618530273438,0.1981353759765625
1.2499618530273438,1.2499618530273438,0.202178955078125
1.2499618530273438,1.2499618530273438,0.295257568359375
1.2499618530273438,1.2499618530273438,0.247802734375
1.2499618530273438,1.2499618530273438,0.2359771728515625
1.2499618530273438,1.2499618530273438,0.2477264404296875
0.9077835083007812,0.8942413330078125,0.3217315673828125
1.2499618530273438,1.2499618530273438,0.39459228515625
1.2499618530273438,1.2499618530273438,0.38116455078125
1.2499618530273438,1.2499618530273438,0.40008544921875
1.2499618530273438,1.2499618530273438,0.3086090087890625
1.2499618530273438,1.2499618530273438,0.174407958984375
1.2499618530273438,1.2499618530273438,0.152740478515625
1.2499618530273438,1.2499618530273438,0.0939178466796875
1.2499618530273438,1.2499618530273438,-0.146636962890625
1.2499618530273438,1.2499618530273438,-0.167236328125
1.2499618530273438,1.2499618530273438,-0.1357269287109375
1.2499618530273438,1.2499618530273438,-0.3160858154296875
1.2499618530273438,1.2499618530273438,-0.44891357421875
1.2499618530273438,1.2499618530273438,-0.4447174072265625
1.2499618530273438,1.2499618530273438,-0.4186248779296875
0.9144973754882812,0.97381591796875,-0.4935455322265625
1.2499618530273438,1.2499618530273438,-0.30670166015625
1.2499618530273438,1.2499618530273438,-0.2510833740234375
1.2499618530273438,1.2499618530273438,-0.2602386474609375
1.2499618530273438,1.2499618530273438,-0.216522216796875
1.2499618530273438,1.2499618530273438,0.0017547607421875
1.2499618530273438,1.2499618530273438,-0.098724365234375
1.2499618530273438,1.2499618530273438,-0.0650787353515625
1.2499618530273438,1.2499618530273438,0.2469635009765625
1.2499618530273438,1.2499618530273438,0.2051544189453125
1.2499618530273438,1.2499618530273438,0.1598358154296875
1.2499618530273438,1.2499618530273438,0.2048492431640625
1.2499618530273438,1.2499618530273438,0.253448486328125
1.2499618530273438,1.2499618530273438,0.2216339111328125
1.2499618530273438,1.2499618530273438,0.28656005859375
0.9220123291015625,0.8678436279296875,0.3617095947265625
1.2499618530273438,1.2499618530273438,0.289459228515625
1.2499618530273438,1.2499618530273438,0.33538818359375
1.2499618530273438,1.2499618530273438,0.469512939453125
1.2499618530273438,1.2499618530273438,0.3290557861328125
1.2499618530273438,1.2499618530273438,0.1711273193359375
1.2499618530273438,1.2499618530273438,0.243072509765625
1.2499618530273438,1.2499618530273438,0.0937652587890625
1.2499618530273438,1.2499618530273438,-0.1389312744140625
1.2499618530273438,1.2499618530273438,-0.1570892333984375
1.2499618530273438,1.2499618530273438,-0.196685791015625
1.2499618530273438,1.2499618530273438,-0.3659820556640625
1.2499618530273438,1.2499618530273438,-0.4404449462890625
1.2499618530273438,1.2499618530273438,-0.46051025390625
1.2499618530273438,1.2499618530273438,-0.38726806640625
0.9135818481445312,0.9537124633789062,-0.4999542236328125
1.2499618530273438,1.2499618530273438,-0.281829833984375
1.2499618530273438,1.2499618530273438,-0.3017425537109375
1.2499618530273438,1.2499618530273438,-0.3206634521484375
1.2499618530273438,1.2499618530273438,-0.2245330810546875
1.2499618530273438,1.2499618530273438,0.0018310546875
1.2499618530273438,1.2499618530273438,0.0208282470703125
1.2499618530273438,1.2499618530273438,-0.001220703125
1.2499618530273438,1.2499618530273438,0.140533447265625
1.2499618530273438,1.2499618530273438,0.2498626708984375
1.2499618530273438,1.2499618530273438,0.205230712890625
1.2499618530273438,1.2499618530273438,0.2518463134765625
1.2499618530273438,1.2499618530273438,0.1898193359375
1.2499618530273438,1.2499618530273438,0.2664947509765625
1.2499618530273438,1.2499618530273438,0.2123260498046875
0.9064483642578125,0.8657073974609375,0.331573486328125
1.2499618530273438,1.2499618530273438,0.2179718017578125
1.2499618530273438,1.2499618530273438,0.268402099609375
1.2499618530273438,1.2499618530273438,0.4553985595703125
1.2499618530273438,1.2499618530273438,0.3008270263671875
1.2499618530273438,1.2499618530273438,0.1345062255859375
1.2499618530273438,1.2499618530273438,0.120849609375
1.2499618530273438,1.2499618530273438,0.0274658203125
1.2499618530273438,1.2499618530273438,-0.10589599609375
1.2499618530273438,1.2499618530273438,-0.2184295654296875
1.2499618530273438,1.2499618530273438,-0.128631591796875
1.2499618530273438,1.2499618530273438,-0.3008270263671875
1.2499618530273438,1.2499618530273438,-0.3804779052734375
1.2499618530273438,1.2499618530273438,-0.4168701171875
1.2499618530273438,1.2499618530273438,-0.3995513916015625
0.9206008911132812,0.9737014770507812,-0.468292236328125
1.2499618530273438,1.2499618530273438,-0.3277587890625
1.2499618530273438,1.2499618530273438,-0.29022216796875
1.2499618530273438,1.2499618530273438,-0.306243896484375
1.2499618530273438,1.2499618530273438,-0.1488494873046875
1.2499618530273438,1.2499618530273438,-0.0775146484375
1.2499618530273438,1.2499618530273438,-0.00518798828125
1.2499618530273438,1.2499618530273438,0.052337646484375
1.2499618530273438,1.2499618530273438,0.160369873046875
1.2499618530273438,1.2499618530273438,0.2069854736328125
1.2499618530273438,1.2499618530273438,0.18768310546875
1.2499618530273438,1.2499618530273438,0.2291107177734375
1.2499618530273438,1.2499618530273438,0.2227783203125
1.2499618530273438,1.2499618530273438,0.2276611328125
1.2499618530273438,1.2499618530273438,0.2799224853515625
0.9543991088867188,0.8585357666015625,0.349884033203125
1.2499618530273438,1.2499618530273438,0.2762603759765625
1.2499618530273438,1.2499618530273438,0.27374267578125
1.2499618530273438,1.2499618530273438,0.4465484619140625
1.2499618530273438,1.2499618530273438,0.3209686279296875
1.2499618530273438,1.2499618530273438,0.11810302734375
1.2499618530273438,1.2499618530273438,0.2199554443359375
1.2499618530273438,1.2499618530273438,0.0992584228515625
1.2499618530273438,1.2499618530273438,-0.10986328125
1.2499618530273438,1.2499618530273438,-0.1085662841796875
1.2499618530273438,1.2499618530273438,-0.1544952392578125
1.2499618530273438,1.2499618530273438,-0.3304290771484375
1.2499618530273438,1.2499618530273438,-0.42449951171875
1.2499618530273438,1.2499618530273438,-0.43914794921875
1.2499618530273438,1.2499618530273438,-0.4689788818359375
0.903472900390625,0.9759140014648438,-0.462646484375
1.2499618530273438,1.2499618530273438,-0.2935791015625
1.2499618530273438,1.2499618530273438,-0.314788818359375
1.2499618530273438,1.2499618530273438,-0.306854248046875
1.2499618530273438,1.2499618530273438,-0.140838623046875
1.2499618530273438,1.2499618530273438,-0.0078582763671875
1.2499618530273438,1.2499618530273438,-0.0446319580078125
1.2499618530273438,1.2499618530273438,0.025787353515625
1.2499618530273438,1.2499618530273438,0.259246826171875
1.2499618530273438,1.2499618530273438,0.2214813232421875
1.2499618530273438,1.2499618530273438,0.1648712158203125
1.2499618530273438,1.2499618530273438,0.2435302734375
1.2499618530273438,1.2499618530273438,0.23162841796875
1.2499618530273438,1.2499618530273438,0.27435302734375
1.2499618530273438,1.2499618530273438,0.25482177734375
0.9162139892578125,0.8602142333984375,0.301513671875
1.2499618530273438,1.2499618530273438,0.2587890625
1.2499618530273438,1.2499618530273438,0.327606201171875
1.2499618530273438,1.2499618530273438,0.4911041259765625
1.2499618530273438,1.2499618530273438,0.2774810791015625
1.2499618530273438,1.2499618530273438,0.2036285400390625
1.2499618530273438,1.2499618530273438,0.22735595703125
1.2499618530273438,1.2499618530273438,0.091094970703125
1.2499618530273438,1.2499618530273438,-0.156707763671875
1.2499618530273438,1.2499618530273438,-0.1540374755859375
1.2499618530273438,1.2499618530273438,-0.17425537109375
1.2499618530273438,1.2499618530273438,-0.282135009765625
1.2499618530273438,1.2499618530273438,-0.40924072265625
1.2499618530273438,1.2499618530273438,-0.4244232177734375
1.2499618530273438,1.2499618530273438,-0.438385009765625
0.8822250366210938,0.96221923828125,-0.4753875732421875
1.2499618530273438,1.2499618530273438,-0.240478515625
1.2499618530273438,1.2499618530273438,-0.30914306640625
1.2499618530273438,1.2499618530273438,-0.2608489990234375
1.2499618530273438,1.2499618530273438,-0.2330780029296875
1.2499618530273438,1.2499618530273438,0.034332275390625
1.2499618530273438,1.2499618530273438,-0.14007568359375
1.2499618530273438,1.2499618530273438,0.0147247314453125
1.2499618530273438,1.2499618530273438,0.18157958984375
1.2499618530273438,1.2499618530273438,0.187835693359375
1.2499618530273438,1.2499618530273438,0.180511474609375
1.2499618530273438,1.2499618530273438,0.28167724609375
1.2499618530273438,1.2499618530273438,0.275726318359375
1.2499618530273438,1.2499618530273438,0.256805419921875
1.2499618530273438,1.2499618530273438,0.2610015869140625
0.9283065795898438,0.8834075927734375,0.359649658203125
1.2499618530273438,1.2499618530273438,0.1720428466796875
1.2499618530273438,1.2499618530273438,0.284881591796875
1.2499618530273438,1.2499618530273438,0.3739166259765625
1.2499618530273438,1.2499618530273438,0.28778076171875
1.2499618530273438,1.2499618530273438,0.1633453369140625
1.2499618530273438,1.2499618530273438,0.217132568359375
1.2499618530273438,1.2499618530273438,0.0823211669921875
1.2499618530273438,1.2499618530273438,-0.1551055908203125
1.2499618530273438,1.2499618530273438,-0.0901031494140625
1.2499618530273438,1.2499618530273438,-0.213775634765625
1.2499618530273438,1.2499618530273438,-0.3768157958984375
1.2499618530273438,1.2499618530273438,-0.4388427734375
1.2499618530273438,1.2499618530273438,-0.42205810546875
1.2499618530273438,1.2499618530273438,-0.45166015625
0.8926010131835938,0.96771240234375,-0.4254150390625
1.2499618530273438,1.2499618530273438,-0.33721923828125
1.2499618530273438,1.2499618530273438,-0.30731201171875
1.2499618530273438,1.2499618530273438,-0.3525543212890625
1.2499618530273438,1.2499618530273438,-0.1892852783203125
1.2499618530273438,1.2499618530273438,0.04302978515625
1.2499618530273438,1.2499618530273438,0.000762939453125
1.2499618530273438,1.2499618530273438,0.022125244140625
1.2499618530273438,1.2499618530273438,0.2474212646484375
1.2499618530273438,1.2499618530273438,0.225982666015625
1.2499618530273438,1.2499618530273438,0.263671875
1.2499618530273438,1.2499618530273438,0.3302001953125
1.2499618530273438,1.2499618530273438,0.283660888671875
1.2499618530273438,1.2499618530273438,0.25299072265625
1.2499618530273438,1.2499618530273438,0.237274169921875
0.9214019775390625,0.8788681030273438,0.369873046875
1.2499618530273438,1.2499618530273438,0.28778076171875
1.2499618530273438,1.2499618530273438,0.297393798828125
1.2499618530273438,1.2499618530273438,0.477447509765625
1.2499618530273438,1.2499618530273438,0.3215789794921875
1.2499618530273438,1.2499618530273438,0.25146484375
1.2499618530273438,1.2499618530273438,0.1815032958984375
1.2499618530273438,1.2499618530273438,0.1580047607421875
1.2499618530273438,1.2499618530273438,-0.1993560791015625
1.2499618530273438,1.2499618530273438,-0.213165283203125
1.2499618530273438,1.2499618530273438,-0.20172119140625
1.2499618530273438,1.2499618530273438,-0.328521728515625
1.2499618530273438,1.2499618530273438,-0.4543304443359375
1.2499618530273438,1.2499618530273438,-0.4205322265625
1.2499618530273438,1.2499618530273438,-0.420074462890625
0.889892578125,0.9525299072265625,-0.44830322265625
1.2499618530273438,1.2499618530273438,-0.3055572509765625
1.2499618530273438,1.2499618530273438,-0.323333740234375
1.2499618530273438,1.2499618530273438,-0.33447265625
1.2499618530273438,1.2499618530273438,-0.19317626953125
1.2499618530273438,1.2499618530273438,-0.069122314453125
1.2499618530273438,1.2499618530273438,-0.10986328125
1.2499618530273438,1.2499618530273438,0.037841796875
1.2499618530273438,1.2499618530273438,0.209197998046875
1.2499618530273438,1.2499618530273438,0.204010009765625
1.2499618530273438,1.2499618530273438,0.1715850830078125
1.2499618530273438,1.2499618530273438,0.2735137939453125
1.2499618530273438,1.2499618530273438,0.216064453125
1.2499618530273438,1.2499618530273438,0.20538330078125
1.2499618530273438,1.2499618530273438,0.2780914306640625
0.9273529052734375,0.901641845703125,0.33935546875
1.2499618530273438,1.2499618530273438,0.2352142333984375
1.2499618530273438,1.2499618530273438,0.3582763671875
1.2499618530273438,1.2499618530273438,0.42510986328125
1.2499618530273438,1.2499618530273438,0.288848876953125
1.2499618530273438,1.2499618530273438,0.12786865234375
1.2499618530273438,1.2499618530273438,0.1909637451171875
1.2499618530273438,1.2499618530273438,0.0814056396484375
1.2499618530273438,1.2499618530273438,-0.172271728515625
1.2499618530273438,1.2499618530273438,-0.1320648193359375
1.2499618530273438,1.2499618530273438,-0.0991058349609375
1.2499618530273438,1.2499618530273438,-0.4192352294921875
1.2499618530273438,1.2499618530273438,-0.425567626953125
1.2499618530273438,1.2499618530273438,-0.4601287841796875
1.2499618530273438,1.2499618530273438,-0.4296112060546875
0.8618545532226562,0.926971435546875,-0.443115234375
1.2499618530273438,1.2499618530273438,-0.3824615478515625
1.2499618530273438,1.2499618530273438,-0.256195068359375
1.2499618530273438,1.2499618530273438,-0.314483642578125
1.2499618530273438,1.2499618530273438,-0.1140594482421875
1.2499618530273438,1.2499618530273438,-0.0646209716796875
1.2499618530273438,1.2499618530273438,-0.0605010986328125
1.2499618530273438,1.2499618530273438,-0.0070953369140625
1.2499618530273438,1.2499618530273438,0.2768707275390625
1.2499618530273438,1.2499618530273438,0.1971435546875
1.2499618530273438,1.2499618530273438,0.180816650390625
1.2499618530273438,1.2499618530273438,0.3632354736328125
1.2499618530273438,1.2499618530273438,0.226898193359375
1.2499618530273438,1.2499618530273438,0.25848388671875
1.2499618530273438,1.2499618530273438,0.2263641357421875
0.8977890014648438,0.8963394165039062,0.3028106689453125
1.2499618530273438,1.2499618530273438,0.2512359619140625
1.2499618530273438,1.2499618530273438,0.2921295166015625
1.2499618530273438,1.2499618530273438,0.456390380859375
1.2499618530273438,1.2499618530273438,0.31097412109375
1.2499618530273438,1.2499618530273438,0.1153564453125
1.2499618530273438,1.2499618530273438,0.23895263671875
1.2499618530273438,1.2499618530273438,0.091552734375
1.2499618530273438,1.2499618530273438,-0.112152099609375
1.2499618530273438,1.2499618530273438,-0.1739501953125
1.2499618530273438,1.2499618530273438,-0.17578125
1.2499618530273438,1.2499618530273438,-0.3563690185546875
1.2499618530273438,1.2499618530273438,-0.388946533203125
1.2499618530273438,1.2499618530273438,-0.4808807373046875
1.2499618530273438,1.2499618530273438,-0.4064178466796875
0.8690261840820312,0.9342193603515625,-0.40069580078125
1.2499618530273438,1.2499618530273438,-0.2869415283203125
1.2499618530273438,1.2499618530273438,-0.2915191650390625
1.2499618530273438,1.2499618530273438,-0.37750244140625
1.2499618530273438,1.2499618530273438,-0.2603912353515625
1.2499618530273438,1.2499618530273438,-0.00091552734375
1.2499618530273438,1.2499618530273438,-0.0481414794921875
1.2499618530273438,1.2499618530273438,-0.0507354736328125
1.2499618530273438,1.2499618530273438,0.207366943359375
1.2499618530273438,1.2499618530273438,0.1836395263671875
1.2499618530273438,1.2499618530273438,0.1483917236328125
1.2499618530273438,1.2499618530273438,0.2703094482421875
1.2499618530273438,1.2499618530273438,0.28106689453125
1.2499618530273438,1.2499618530273438,0.2312469482421875
1.2499618530273438,1.2499618530273438,0.25146484375
0.9348678588867188,0.8878707885742188,0.3134918212890625
1.2499618530273438,1.2499618530273438,0.284881591796875
1.2499618530273438,1.2499618530273438,0.37689208984375
1.2499618530273438,1.2499618530273438,0.494384765625
1.2499618530273438,1.2499618530273438,0.3005218505859375
1.2499618530273438,1.2499618530273438,0.14129638671875
1.2499618530273438,1.2499618530273438,0.1694488525390625
1.2499618530273438,1.2499618530273438,0.1174163818359375
1.2499618530273438,1.2499618530273438,-0.1967620849609375
